Date,Value (USD per troy ounce)
2018-01-01,16.99377069
2018-01-02,17.1964752
2018-01-03,17.11242594
2018-01-04,17.20033842
2018-01-05,17.22098501
2018-01-06,17.21947792
2018-01-07,17.23854387
2018-01-08,17.11380405
2018-01-09,16.94518142
2018-01-10,16.97741685
2018-01-11,16.99809947
2018-01-12,17.24028901
2018-01-13,17.23443948
2018-01-14,17.22904124
2018-01-15,17.3603006
2018-01-16,17.21052835
2018-01-17,17.02402152
2018-01-18,16.96258409
2018-01-19,17.01546002
2018-01-20,17.02320058
2018-01-21,17.07100042
2018-01-22,17.01398663
2018-01-23,17.0544555
2018-01-24,17.53516009
2018-01-25,17.31302276
2018-01-26,17.40266472
2018-01-27,17.40900401
2018-01-28,17.4264406
2018-01-29,17.17266444
2018-01-30,17.1294637
2018-01-31,17.34567114
2018-02-01,17.21206091
2018-02-02,16.60482868
2018-02-03,16.61074935
2018-02-04,16.64428704
2018-02-05,16.75832865
2018-02-06,16.66130933
2018-02-07,16.39579605
2018-02-08,16.43627699
2018-02-09,16.35429249
2018-02-10,16.35493881
2018-02-11,16.37297372
2018-02-12,16.55445798
2018-02-13,16.59383533
2018-02-14,16.89190114
2018-02-15,16.86814699
2018-02-16,16.6573265
2018-02-17,16.65199487
2018-02-18,16.65149854
2018-02-19,16.6558422
2018-02-20,16.46830224
2018-02-21,16.51859728
2018-02-22,16.60993689
2018-02-23,16.53741783
2018-02-24,16.53812683
2018-02-25,16.52472069
2018-02-26,16.6465201
2018-02-27,16.42311013
2018-02-28,16.40962132
2018-03-01,16.46717655
2018-03-02,16.50158083
2018-03-03,16.50737735
2018-03-04,16.52571471
2018-03-05,16.4383473
2018-03-06,16.76716035
2018-03-07,16.49202602
2018-03-08,16.49190133
2018-03-09,16.59629063
2018-03-10,16.59693602
2018-03-11,16.60377434
2018-03-12,16.53779919
2018-03-13,16.5769176
2018-03-14,16.5419069
2018-03-15,16.39035488
2018-03-16,16.32150463
2018-03-17,16.33227824
2018-03-18,16.3136954
2018-03-19,16.32165618
2018-03-20,16.18863219
2018-03-21,16.54176218
2018-03-22,16.42354488
2018-03-23,16.54772277
2018-03-24,16.56161908
2018-03-25,16.6205778
2018-03-26,16.69531076
2018-03-27,16.52458574
2018-03-28,16.29513355
2018-03-29,16.34576439
2018-03-30,16.34892133
2018-03-31,16.36392318
2018-04-01,16.40020435
2018-04-02,16.59951646
2018-04-03,16.40604193
2018-04-04,16.3043391
2018-04-05,16.39769806
2018-04-06,16.36877389
2018-04-07,16.37918065
2018-04-08,16.41278011
2018-04-09,16.47930709
2018-04-10,16.58096603
2018-04-11,16.66941307
2018-04-12,16.46995568
2018-04-13,16.64079826
2018-04-14,16.65222087
2018-04-15,16.63070139
2018-04-16,16.67080873
2018-04-17,16.76185239
2018-04-18,17.18760796
2018-04-19,17.22968532
2018-04-20,17.12113643
2018-04-21,17.12671008
2018-04-22,17.08622023
2018-04-23,16.60593896
2018-04-24,16.7241215
2018-04-25,16.56175461
2018-04-26,16.52486248
2018-04-27,16.5005534
2018-04-28,16.52715817
2018-04-29,16.52601786
2018-04-30,16.31745609
2018-05-01,16.16342764
2018-05-02,16.37745451
2018-05-03,16.43906364
2018-05-04,16.50978181
2018-05-05,16.52220067
2018-05-06,16.5136539
2018-05-07,16.48411873
2018-05-08,16.47992817
2018-05-09,16.48620214
2018-05-10,16.69595219
2018-05-11,16.65110605
2018-05-12,16.66670278
2018-05-13,16.7002955
2018-05-14,16.51628583
2018-05-15,16.34185035
2018-05-16,16.33760889
2018-05-17,16.42821276
2018-05-18,16.43593627
2018-05-19,16.44391601
2018-05-20,16.44921355
2018-05-21,16.50199313
2018-05-22,16.57593397
2018-05-23,16.45679591
2018-05-24,16.64947534
2018-05-25,16.49391566
2018-05-26,16.5008823
2018-05-27,16.49392986
2018-05-28,16.48236615
2018-05-29,16.39983262
2018-05-30,16.51169052
2018-05-31,16.41003025
2018-06-01,16.38738745
2018-06-02,16.40513868
2018-06-03,16.40454931
2018-06-04,16.39499046
2018-06-05,16.48811044
2018-06-06,16.67163921
2018-06-07,16.70923207
2018-06-08,16.76556824
2018-06-09,16.78039158
2018-06-10,16.76499897
2018-06-11,16.90099623
2018-06-12,16.85231592
2018-06-13,17.01846293
2018-06-14,17.16143649
2018-06-15,16.54308359
2018-06-16,16.55816652
2018-06-17,16.57701266
2018-06-18,16.48655565
2018-06-19,16.30617093
2018-06-20,16.2997122
2018-06-21,16.32234953
2018-06-22,16.44410408
2018-06-23,16.44916078
2018-06-24,16.47900649
2018-06-25,16.31849065
2018-06-26,16.27401258
2018-06-27,16.08108195
2018-06-28,15.99647489
2018-06-29,16.09266761
2018-06-30,16.0990089
2018-07-01,16.11573548
2018-07-02,15.85088971
2018-07-03,16.03007377
2018-07-04,16.07399028
2018-07-05,16.02972785
2018-07-06,16.02160225
2018-07-07,16.03242526
2018-07-08,16.06397059
2018-07-09,16.10164907
2018-07-10,16.0326478
2018-07-11,15.79059813
2018-07-12,15.9297154
2018-07-13,15.80210737
2018-07-14,15.81318431
2018-07-15,15.81710242
2018-07-16,15.77974161
2018-07-17,15.56700206
2018-07-18,15.55246716
2018-07-19,15.30542574
2018-07-20,15.50078039
2018-07-21,15.51571362
2018-07-22,15.53619245
2018-07-23,15.38048033
2018-07-24,15.47447088
2018-07-25,15.60224304
2018-07-26,15.39844553
2018-07-27,15.4834368
2018-07-28,15.57185011
2018-07-29,15.49044011
2018-07-30,15.49716451
2018-07-31,15.51914898
2018-08-01,15.38608767
2018-08-02,15.3119554
2018-08-03,15.40594702
2018-08-04,15.41895339
2018-08-05,15.44045639
2018-08-06,15.29992524
2018-08-07,15.3734272
2018-08-08,15.40933036
2018-08-09,15.42862609
2018-08-10,15.29857241
2018-08-11,15.31189331
2018-08-12,15.32479211
2018-08-13,14.98213569
2018-08-14,15.0138811
2018-08-15,14.54418117
2018-08-16,14.6808544
2018-08-17,14.78524305
2018-08-18,14.79789698
2018-08-19,14.78400058
2018-08-20,14.75093752
2018-08-21,14.76962845
2018-08-22,14.73496283
2018-08-23,14.49282338
2018-08-24,14.80875766
2018-08-25,14.81314038
2018-08-26,14.86272564
2018-08-27,14.88365657
2018-08-28,14.72235856
2018-08-29,14.74981092
2018-08-30,14.56623638
2018-08-31,14.52994834
2018-09-01,14.53497773
2018-09-02,14.52695829
2018-09-03,14.48191854
2018-09-04,14.14003707
2018-09-05,14.18646718
2018-09-06,14.15975653
2018-09-07,14.14395176
2018-09-08,14.16603055
2018-09-09,14.16423774
2018-09-10,14.15686732
2018-09-11,14.11727382
2018-09-12,14.23645907
2018-09-13,14.18045815
2018-09-14,14.0566214
2018-09-15,14.06494686
2018-09-16,14.06322404
2018-09-17,14.11971431
2018-09-18,14.15678812
2018-09-19,14.23361533
2018-09-20,14.31078168
2018-09-21,14.28130214
2018-09-22,14.29700483
2018-09-23,14.27448536
2018-09-24,14.25492554
2018-09-25,14.45426425
2018-09-26,14.35223441
2018-09-27,14.2394459
2018-09-28,14.63063066
2018-09-29,14.64599424
2018-09-30,14.65699803
2018-10-01,14.48627742
2018-10-02,14.71002777
2018-10-03,14.61464145
2018-10-04,14.58063338
2018-10-05,14.6196126
2018-10-06,14.63446402
2018-10-07,14.65099284
2018-10-08,14.38038605
2018-10-09,14.3917781
2018-10-10,14.30827658
2018-10-11,14.5686833
2018-10-12,14.58347843
2018-10-13,14.59977207
2018-10-14,14.62895556
2018-10-15,14.68137628
2018-10-16,14.65313961
2018-10-17,14.61318179
2018-10-18,14.57081289
2018-10-19,14.6204505
2018-10-20,14.63421452
2018-10-21,14.65027916
2018-10-22,14.57949105
2018-10-23,14.74826975
2018-10-24,14.67692804
2018-10-25,14.62953556
2018-10-26,14.67371098
2018-10-27,14.7057753
2018-10-28,14.69947511
2018-10-29,14.47749824
2018-10-30,14.45812275
2018-10-31,14.26259306
2018-11-01,14.74401477
2018-11-02,14.73333953
2018-11-03,14.74353039
2018-11-04,14.75437869
2018-11-05,14.64382198
2018-11-06,14.53960045
2018-11-07,14.56912452
2018-11-08,14.4285478
2018-11-09,14.15599517
2018-11-10,14.15649281
2018-11-11,14.18801561
2018-11-12,14.00505447
2018-11-13,14.0167827
2018-11-14,14.13831278
2018-11-15,14.29132125
2018-11-16,14.41035891
2018-11-17,14.41035891
2018-11-18,14.41673252
2018-11-19,14.42585108
2018-11-20,14.31980395
2018-11-21,14.49083044
2018-11-22,14.49032223
2018-11-23,14.27047959
2018-11-24,14.28576837
2018-11-25,14.30726614
2018-11-26,14.24299972
2018-11-27,14.15091405
2018-11-28,14.32032773
2018-11-29,14.30783321
2018-11-30,14.17515013
2018-12-01,14.1772261
2018-12-02,14.23675916
2018-12-03,14.39047679
2018-12-04,14.52897209
2018-12-05,14.50028974
2018-12-06,14.46983887
2018-12-07,14.62150686
2018-12-08,14.62376133
2018-12-09,14.61093918
2018-12-10,14.53252929
2018-12-11,14.55813833
2018-12-12,14.73867137
2018-12-13,14.74982178
2018-12-14,14.56419857
2018-12-15,14.56329803
2018-12-16,14.56552743
2018-12-17,14.66496251
2018-12-18,14.6401433
2018-12-19,14.61548504
2018-12-20,14.77266585
2018-12-21,14.61834707
2018-12-22,14.62753791
2018-12-23,14.66502624
2018-12-24,14.75987073
2018-12-25,14.75583193
2018-12-26,15.03933031
2018-12-27,15.2253999
2018-12-28,15.37032979
2018-12-29,15.3855397
2018-12-30,15.37702268
2018-12-31,15.47467616
2019-01-01,15.4531889
2019-01-02,15.49950134
2019-01-03,15.74250387
2019-01-04,15.69363997
2019-01-05,15.69496029
2019-01-06,15.70249919
2019-01-07,15.65597054
2019-01-08,15.66681417
2019-01-09,15.74384224
2019-01-10,15.57766077
2019-01-11,15.59615253
2019-01-12,15.59522895
2019-01-13,15.60277336
2019-01-14,15.65079555
2019-01-15,15.58668729
2019-01-16,15.59087008
2019-01-17,15.53381813
2019-01-18,15.33212985
2019-01-19,15.33820199
2019-01-20,15.3439645
2019-01-21,15.25215997
2019-01-22,15.33464197
2019-01-23,15.3632946
2019-01-24,15.31885463
2019-01-25,15.74849608
2019-01-26,15.75074509
2019-01-27,15.72945835
2019-01-28,15.75181722
2019-01-29,15.83685189
2019-01-30,16.05901377
2019-01-31,16.05484239
2019-02-01,15.90981545
2019-02-02,15.90922324
2019-02-03,15.90717464
2019-02-04,15.85912845
2019-02-05,15.84753127
2019-02-06,15.6641252
2019-02-07,15.7353149
2019-02-08,15.82617955
2019-02-09,15.82776981
2019-02-10,15.82923547
2019-02-11,15.70465501
2019-02-12,15.7096444
2019-02-13,15.58630964
2019-02-14,15.62119371
2019-02-15,15.77952991
2019-02-16,15.78179584
2019-02-17,15.78677124
2019-02-18,15.81183834
2019-02-19,15.97664659
2019-02-20,16.06425171
2019-02-21,15.83626153
2019-02-22,15.91850602
2019-02-23,15.91975932
2019-02-24,15.92426674
2019-02-25,15.89532281
2019-02-26,15.93265126
2019-02-27,15.7503163
2019-02-28,15.61447738
2019-03-01,15.20701177
2019-03-02,15.20694507
2019-03-03,15.23251753
2019-03-04,15.08442131
2019-03-05,15.13892046
2019-03-06,15.08339553
2019-03-07,15.03502225
2019-03-08,15.32960832
2019-03-09,15.33943132
2019-03-10,15.32677684
2019-03-11,15.31299365
2019-03-12,15.44398051
2019-03-13,15.45151974
2019-03-14,15.18464123
2019-03-15,15.28871682
2019-03-16,15.29423118
2019-03-17,15.27058989
2019-03-18,15.37465108
2019-03-19,15.36567701
2019-03-20,15.49059549
2019-03-21,15.46248045
2019-03-22,15.42892808
2019-03-23,15.43600183
2019-03-24,15.41120327
2019-03-25,15.53497356
2019-03-26,15.43435582
2019-03-27,15.28333874
2019-03-28,15.02956075
2019-03-29,15.13532811
2019-03-30,15.13549217
2019-03-31,15.14106208
2019-04-01,15.10167019
2019-04-02,15.11502502
2019-04-03,15.14681134
2019-04-04,15.15014076
2019-04-05,15.09696499
2019-04-06,15.1054618
2019-04-07,15.12448815
2019-04-08,15.24685364
2019-04-09,15.22261755
2019-04-10,15.22499888
2019-04-11,14.96631468
2019-04-12,14.9712894
2019-04-13,14.98195685
2019-04-14,14.97170161
2019-04-15,15.01351469
2019-04-16,14.99544609
2019-04-17,14.99130232
2019-04-18,14.99645928
2019-04-19,14.97971175
2019-04-20,15.00469197
2019-04-21,15.02626102
2019-04-22,15.00081423
2019-04-23,14.82398693
2019-04-24,14.92777653
2019-04-25,14.9503236
2019-04-26,15.0716459
2019-04-27,15.07747561
2019-04-28,15.06034643
2019-04-29,14.92183718
2019-04-30,14.94397483
2019-05-01,14.68683766
2019-05-02,14.62635168
2019-05-03,14.92963105
2019-05-04,14.93194765
2019-05-05,14.92328165
2019-05-06,14.91632731
2019-05-07,14.91179302
2019-05-08,14.8428178
2019-05-09,14.76599108
2019-05-10,14.76997462
2019-05-11,14.77998223
2019-05-12,14.75724081
2019-05-13,14.78244713
2019-05-14,14.79719354
2019-05-15,14.79112329
2019-05-16,14.54846776
2019-05-17,14.40700042
2019-05-18,14.41551571
2019-05-19,14.44448914
2019-05-20,14.46934694
2019-05-21,14.454405
2019-05-22,14.45082274
2019-05-23,14.59799084
2019-05-24,14.56448062
2019-05-25,14.56672196
2019-05-26,14.57584864
2019-05-27,14.59250035
2019-05-28,14.35498205
2019-05-29,14.41599979
2019-05-30,14.52512519
2019-05-31,14.57730978
2019-06-01,14.58096742
2019-06-02,14.62402758
2019-06-03,14.77799061
2019-06-04,14.81965325
2019-06-05,14.8060348
2019-06-06,14.86601282
2019-06-07,15.00865619
2019-06-08,15.0180017
2019-06-09,14.98475638
2019-06-10,14.69824762
2019-06-11,14.73794527
2019-06-12,14.76549906
2019-06-13,14.92200834
2019-06-14,14.86863298
2019-06-15,14.86794956
2019-06-16,14.82724444
2019-06-17,14.8366517
2019-06-18,15.00666732
2019-06-19,15.13797022
2019-06-20,15.44883874
2019-06-21,15.33915315
2019-06-22,15.3331867
2019-06-23,15.41401465
2019-06-24,15.45959251
2019-06-25,15.33197397
2019-06-26,15.27748746
2019-06-27,15.26845082
2019-06-28,15.31282073
2019-06-29,15.31548247
2019-06-30,15.1941347
2019-07-01,15.14518183
2019-07-02,15.35907405
2019-07-03,15.30552373
2019-07-04,15.308287
2019-07-05,14.99045204
2019-07-06,15.00069903
2019-07-07,14.98146979
2019-07-08,15.01997278
2019-07-09,15.100504
2019-07-10,15.26749973
2019-07-11,15.11797202
2019-07-12,15.21730466
2019-07-13,15.22095963
2019-07-14,15.23093757
2019-07-15,15.39063743
2019-07-16,15.55488391
2019-07-17,15.9484904
2019-07-18,16.32865684
2019-07-19,16.20779001
2019-07-20,16.20918537
2019-07-21,16.20820279
2019-07-22,16.33895619
2019-07-23,16.36934341
2019-07-24,16.6043243
2019-07-25,16.42094009
2019-07-26,16.38569205
2019-07-27,16.38478823
2019-07-28,16.3800365
2019-07-29,16.4440569
2019-07-30,16.56726354
2019-07-31,16.25957281
2019-08-01,16.31434988
2019-08-02,16.2039201
2019-08-03,16.20088186
2019-08-04,16.18968744
2019-08-05,16.46512325
2019-08-06,16.47011447
2019-08-07,17.10242289
2019-08-08,16.98186829
2019-08-09,16.96114827
2019-08-10,16.97174222
2019-08-11,17.00988504
2019-08-12,17.07208198
2019-08-13,16.97697113
2019-08-14,17.23126052
2019-08-15,17.27496634
2019-08-16,17.09724079
2019-08-17,17.10587424
2019-08-18,17.09587426
2019-08-19,16.87742909
2019-08-20,17.12721902
2019-08-21,17.12470558
2019-08-22,17.02403061
2019-08-23,17.41428891
2019-08-24,17.42645882
2019-08-25,17.68903073
2019-08-26,17.6552345
2019-08-27,18.18079132
2019-08-28,18.33936178
2019-08-29,18.27012251
2019-08-30,18.36070454
2019-08-31,18.3660615
2019-09-01,18.46849967
2019-09-02,18.41481673
2019-09-03,19.31956865
2019-09-04,19.57002051
2019-09-05,18.65963544
2019-09-06,18.16881269
2019-09-07,18.17322225
2019-09-08,18.1791161
2019-09-09,17.96039403
2019-09-10,18.01697828
2019-09-11,18.08849639
2019-09-12,18.07481908
2019-09-13,17.44034567
2019-09-14,17.44802865
2019-09-15,17.75873252
2019-09-16,17.83484728
2019-09-17,18.01177309
2019-09-18,17.70060359
2019-09-19,17.79102905
2019-09-20,17.97165195
2019-09-21,17.96748084
2019-09-22,17.99054435
2019-09-23,18.62689656
2019-09-24,18.61791945
2019-09-25,17.9582036
2019-09-26,17.85024658
2019-09-27,17.53422102
2019-09-28,17.52918588
2019-09-29,17.53371624
2019-09-30,17.02379317
2019-10-01,17.29260139
2019-10-02,17.57463603
2019-10-03,17.60091255
2019-10-04,17.54745052
2019-10-05,17.54617605
2019-10-06,17.57074289
2019-10-07,17.42203446
2019-10-08,17.75661149
2019-10-09,17.81228504
2019-10-10,17.503093
2019-10-11,17.53910637
2019-10-12,17.53865959
2019-10-13,17.48831584
2019-10-14,17.64841424
2019-10-15,17.40879854
2019-10-16,17.39755508
2019-10-17,17.54431872
2019-10-18,17.54532718
2019-10-19,17.5448908
2019-10-20,17.57406237
2019-10-21,17.56500878
2019-10-22,17.5409557
2019-10-23,17.55653444
2019-10-24,17.79300119
2019-10-25,18.03415174
2019-10-26,18.04123595
2019-10-27,18.02868255
2019-10-28,17.8334911
2019-10-29,17.7917817
2019-10-30,17.85328406
2019-10-31,18.1020306
2019-11-01,18.10469188
2019-11-02,18.1145539
2019-11-03,18.12473351
2019-11-04,18.03047442
2019-11-05,17.59134211
2019-11-06,17.61868899
2019-11-07,17.11614444
2019-11-08,16.80222716
2019-11-09,16.80549264
2019-11-10,16.83609106
2019-11-11,16.84463153
2019-11-12,16.80397906
2019-11-13,16.96037494
2019-11-14,17.00282907
2019-11-15,16.92929229
2019-11-16,16.95949927
2019-11-17,16.99554173
2019-11-18,17.04162223
2019-11-19,17.16760916
2019-11-20,17.18734303
2019-11-21,17.11355491
2019-11-22,16.99733048
2019-11-23,17.00831698
2019-11-24,16.92226192
2019-11-25,16.86258013
2019-11-26,17.08187417
2019-11-27,16.9893046
2019-11-28,16.94263449
2019-11-29,17.01879806
2019-11-30,17.01270364
2019-12-01,16.97871421
2019-12-02,16.92210743
2019-12-03,17.16635273
2019-12-04,16.87537444
2019-12-05,16.96463448
2019-12-06,16.56639559
2019-12-07,16.57646171
2019-12-08,16.59137638
2019-12-09,16.60658264
2019-12-10,16.66165234
2019-12-11,16.87178476
2019-12-12,16.90377059
2019-12-13,16.94343862
2019-12-14,16.93746426
2019-12-15,16.93046303
2019-12-16,17.03176021
2019-12-17,17.00346223
2019-12-18,17.0314765
2019-12-19,17.06983287
2019-12-20,17.19254414
2019-12-21,17.19696962
2019-12-22,17.19818074
2019-12-23,17.44404574
2019-12-24,17.76730965
2019-12-25,17.76376887
2019-12-26,17.92094829
2019-12-27,17.77422898
2019-12-28,17.76675292
2019-12-29,17.81872918
2019-12-30,17.918885
2019-12-31,17.85348036
2020-01-01,17.88827324
2020-01-02,18.02484586
2020-01-03,18.03778905
2020-01-04,18.04965695
2020-01-05,18.17800906
2020-01-06,18.1236608
2020-01-07,18.58515227
2020-01-08,18.14103405
2020-01-09,17.92261062
2020-01-10,18.08594585
2020-01-11,18.10281585
2020-01-12,18.05421917
2020-01-13,17.94024263
2020-01-14,17.83729308
2020-01-15,18.01908034
2020-01-16,17.94773177
2020-01-17,18.00927647
2020-01-18,18.02827464
2020-01-19,18.04053781
2020-01-20,18.07426325
2020-01-21,17.76113333
2020-01-22,17.89374058
2020-01-23,17.77521236
2020-01-24,18.12171557
2020-01-25,18.10954792
2020-01-26,18.20499148
2020-01-27,18.09130996
2020-01-28,17.48128337
2020-01-29,17.57946672
2020-01-30,17.84328117
2020-01-31,18.0249507
2020-02-01,18.04177302
2020-02-02,18.08544741
2020-02-03,17.70325333
2020-02-04,17.60757002
2020-02-05,17.62555215
2020-02-06,17.81610043
2020-02-07,17.69961279
2020-02-08,17.69891926
2020-02-09,17.74767929
2020-02-10,17.77061904
2020-02-11,17.63603862
2020-02-12,17.51360702
2020-02-13,17.66589133
2020-02-14,17.72793267
2020-02-15,17.74867153
2020-02-16,17.74145432
2020-02-17,17.81155482
2020-02-18,18.17900409
2020-02-19,18.41426281
2020-02-20,18.42015809
2020-02-21,18.4814227
2020-02-22,18.49491353
2020-02-23,18.67742885
2020-02-24,18.6215483
2020-02-25,18.06107154
2020-02-26,17.93365081
2020-02-27,17.80405204
2020-02-28,16.64258752
2020-02-29,16.67679087
2020-03-01,16.60895332
2020-03-02,16.8220005
2020-03-03,17.26244401
2020-03-04,17.18329916
2020-03-05,17.48818633
2020-03-06,17.34467514
2020-03-07,17.34701365
2020-03-08,17.49892578
2020-03-09,16.91497991
2020-03-10,16.97382671
2020-03-11,16.79800923
2020-03-12,15.71703869
2020-03-13,14.72897176
2020-03-14,14.72496092
2020-03-15,14.79549738
2020-03-16,13.01833733
2020-03-17,12.78494989
2020-03-18,12.2523024
2020-03-19,12.11172325
2020-03-20,12.59534358
2020-03-21,12.58852645
2020-03-22,12.42425475
2020-03-23,13.74331488
2020-03-24,14.63844054
2020-03-25,14.38210157
2020-03-26,14.40664098
2020-03-27,14.44256044
2020-03-28,14.46292646
2020-03-29,14.38782261
2020-03-30,14.00967572
2020-03-31,13.96268937
2020-04-01,13.99235709
2020-04-02,14.4779774
2020-04-03,14.4072988
2020-04-04,14.40994967
2020-04-05,14.40748221
2020-04-06,15.19484516
2020-04-07,14.98282219
2020-04-08,15.00629043
2020-04-09,15.40601718
2020-04-10,15.34901983
2020-04-11,15.34901983
2020-04-12,15.35601068
2020-04-13,15.42347757
2020-04-14,15.67414585
2020-04-15,15.40533082
2020-04-16,15.46430181
2020-04-17,15.19197962
2020-04-18,15.19597258
2020-04-19,15.09477823
2020-04-20,15.29193148
2020-04-21,14.90094559
2020-04-22,15.09461277
2020-04-23,15.26410123
2020-04-24,15.23447082
2020-04-25,15.25075831
2020-04-26,15.24001693
2020-04-27,15.19093729
2020-04-28,15.15695445
2020-04-29,15.28167219
2020-04-30,14.98410964
2020-05-01,14.96565798
2020-05-02,14.97852005
2020-05-03,14.8874867
2020-05-04,14.83952869
2020-05-05,14.97243603
2020-05-06,14.91030863
2020-05-07,15.34036206
2020-05-08,15.46208925
2020-05-09,15.46814097
2020-05-10,15.56867545
2020-05-11,15.48385965
2020-05-12,15.4344539
2020-05-13,15.61333481
2020-05-14,15.87183026
2020-05-15,16.62417373
2020-05-16,16.63528282
2020-05-17,16.91753968
2020-05-18,17.12476918
2020-05-19,17.3754357
2020-05-20,17.48703721
2020-05-21,17.0678527
2020-05-22,17.20948589
2020-05-23,17.21423276
2020-05-24,17.1625146
2020-05-25,17.13398713
2020-05-26,17.13641853
2020-05-27,17.26726451
2020-05-28,17.42494294
2020-05-29,17.8571549
2020-05-30,17.86173587
2020-05-31,18.06626634
2020-06-01,18.33148453
2020-06-02,18.05728795
2020-06-03,17.66544868
2020-06-04,17.67146922
2020-06-05,17.40311083
2020-06-06,17.41971363
2020-06-07,17.42743521
2020-06-08,17.7131511
2020-06-09,17.56962505
2020-06-10,17.9769888
2020-06-11,17.65159039
2020-06-12,17.48545268
2020-06-13,17.48918141
2020-06-14,17.50611095
2020-06-15,17.39050964
2020-06-16,17.48633085
2020-06-17,17.49179759
2020-06-18,17.44675212
2020-06-19,17.59497647
2020-06-20,17.59246578
2020-06-21,17.7767965
2020-06-22,17.81053409
2020-06-23,17.97327628
2020-06-24,17.51819953
2020-06-25,17.80970103
2020-06-26,17.77592717
2020-06-27,17.78891918
2020-06-28,17.8249386
2020-06-29,17.86051587
2020-06-30,18.20149511
2020-07-01,18.01581764
2020-07-02,17.93246971
2020-07-03,18.04637603
2020-07-04,18.04956573
2020-07-05,18.04096255
2020-07-06,18.27726183
2020-07-07,18.2776668
2020-07-08,18.70213352
2020-07-09,18.67381864
2020-07-10,18.71084618
2020-07-11,18.71026933
2020-07-12,18.790806
2020-07-13,19.11952176
2020-07-14,19.26334363
2020-07-15,19.43315108
2020-07-16,19.16733997
2020-07-17,19.33696748
2020-07-18,19.35098162
2020-07-19,19.34973475
2020-07-20,19.90947885
2020-07-21,22.35767695
2020-07-22,22.80414662
2020-07-23,22.6247288
2020-07-24,22.75977372
2020-07-25,22.76967348
2020-07-26,23.05498626
2020-07-27,25.23636831
2020-07-28,24.3590246
2020-07-29,24.29557806
2020-07-30,23.51281589
2020-07-31,24.34483458
2020-08-01,24.34475187
2020-08-02,24.51448451
2020-08-03,24.24181964
2020-08-04,26.19398472
2020-08-05,26.88424958
2020-08-06,29.74776622
2020-08-07,28.28246382
2020-08-08,28.25179583
2020-08-09,28.1503397
2020-08-10,29.09035977
2020-08-11,25.01012403
2020-08-12,25.61667831
2020-08-13,27.52608579
2020-08-14,26.44808934
2020-08-15,26.46015048
2020-08-16,26.23084296
2020-08-17,27.35958142
2020-08-18,27.83879493
2020-08-19,26.71220808
2020-08-20,27.37362324
2020-08-21,26.74571712
2020-08-22,26.77436745
2020-08-23,26.56590396
2020-08-24,26.60293428
2020-08-25,26.48354819
2020-08-26,27.45334048
2020-08-27,26.98359526
2020-08-28,27.50477901
2020-08-29,27.50649875
2020-08-30,27.96266537
2020-08-31,28.16416639
2020-09-01,28.24964907
2020-09-02,27.53004077
2020-09-03,26.51470665
2020-09-04,26.88716027
2020-09-05,26.89074184
2020-09-06,26.84332798
2020-09-07,26.91408074
2020-09-08,26.6496864
2020-09-09,27.00186537
2020-09-10,26.86612495
2020-09-11,26.73877155
2020-09-12,26.73815737
2020-09-13,26.79488555
2020-09-14,27.166634
2020-09-15,27.16076341
2020-09-16,27.18492953
2020-09-17,27.0673381
2020-09-18,26.76456865
2020-09-19,26.76435299
2020-09-20,26.73722442
2020-09-21,24.93251878
2020-09-22,24.43767939
2020-09-23,22.23181081
2020-09-24,23.21624722
2020-09-25,22.884824
2020-09-26,22.89725623
2020-09-27,22.98847932
2020-09-28,23.75246757
2020-09-29,24.23202718
2020-09-30,23.31102001
2020-10-01,23.83952032
2020-10-02,23.70579537
2020-10-03,23.70869412
2020-10-04,23.91213248
2020-10-05,24.35793858
2020-10-06,23.2261939
2020-10-07,23.80660302
2020-10-08,23.85807732
2020-10-09,25.13545977
2020-10-10,25.14319679
2020-10-11,25.21428995
2020-10-12,25.15580647
2020-10-13,24.17232477
2020-10-14,24.21199413
2020-10-15,24.26270585
2020-10-16,24.15207234
2020-10-17,24.14311847
2020-10-18,24.20729872
2020-10-19,24.44847968
2020-10-20,24.72613502
2020-10-21,25.00321026
2020-10-22,24.71294465
2020-10-23,24.59375371
2020-10-24,24.60063634
2020-10-25,24.4558811
2020-10-26,24.29674075
2020-10-27,24.39802398
2020-10-28,23.42819504
2020-10-29,23.29213628
2020-10-30,23.64226866
2020-10-31,23.64840777
2020-11-01,23.44666985
2020-11-02,24.06280207
2020-11-03,24.31623767
2020-11-04,23.94181472
2020-11-05,25.20622142
2020-11-06,25.60857788
2020-11-07,25.61642402
2020-11-08,25.94110772
2020-11-09,24.17414327
2020-11-10,24.1896106
2020-11-11,24.24078787
2020-11-12,24.25502481
2020-11-13,24.66102545
2020-11-14,24.67676827
2020-11-15,24.69722133
2020-11-16,24.75738141
2020-11-17,24.48589188
2020-11-18,24.31295318
2020-11-19,24.00731704
2020-11-20,24.15579297
2020-11-21,24.16149349
2020-11-22,24.20597738
2020-11-23,23.5616522
2020-11-24,23.27605811
2020-11-25,23.34015061
2020-11-26,23.29274953
2020-11-27,22.69526057
2020-11-28,22.69539086
2020-11-29,22.66119218
2020-11-30,22.64527544
2020-12-01,23.88969247
2020-12-02,24.06592001
2020-12-03,24.05123087
2020-12-04,24.18495945
2020-12-05,24.1946508
2020-12-06,24.12097731
2020-12-07,24.52417413
2020-12-08,24.55791207
2020-12-09,23.89272113
2020-12-10,23.97289622
2020-12-11,23.93330899
2020-12-12,23.94387747
2020-12-13,23.95412115
2020-12-14,23.84045236
2020-12-15,24.48562546
2020-12-16,25.35096058
2020-12-17,25.96759007
2020-12-18,25.79529392
2020-12-19,25.80896258
2020-12-20,25.86492303
2020-12-21,26.22578713
2020-12-22,25.30667597
2020-12-23,25.54454055
2020-12-24,25.82402519
2020-12-25,25.82735354
2020-12-26,25.81604519
2020-12-27,26.11359466
2020-12-28,26.32558081
2020-12-29,26.17558068
2020-12-30,26.64358096
2020-12-31,26.34884112
2021-01-01,26.34937405
2021-01-02,26.34406428
2021-01-03,26.86263135
2021-01-04,27.1829263
2021-01-05,27.58099773
2021-01-06,27.29778251
2021-01-07,27.15404847
2021-01-08,25.40929422
2021-01-09,25.42898701
2021-01-10,25.00904077
2021-01-11,25.01396786
2021-01-12,25.60884604
2021-01-13,25.26568821
2021-01-14,25.55730674
2021-01-15,24.75587362
2021-01-16,24.76617327
2021-01-17,24.31163431
2021-01-18,25.10991682
2021-01-19,25.21905206
2021-01-20,25.83369046
2021-01-21,25.9322059
2021-01-22,25.44754626
2021-01-23,25.47138621
2021-01-24,25.54850729
2021-01-25,25.32502096
2021-01-26,25.44475877
2021-01-27,25.17935647
2021-01-28,26.42653731
2021-01-29,27.00612537
2021-01-30,27.00843865
2021-01-31,28.560547
2021-02-01,28.67540083
2021-02-02,26.75533825
2021-02-03,26.84827525
2021-02-04,26.31756835
2021-02-05,26.88027249
2021-02-06,26.90638462
2021-02-07,27.25061092
2021-02-08,27.26213322
2021-02-09,27.21350182
2021-02-10,27.00571156
2021-02-11,26.97765138
2021-02-12,27.35409793
2021-02-13,27.35409793
2021-02-14,27.43027806
2021-02-15,27.59322857
2021-02-16,27.13337939
2021-02-17,27.38817125
2021-02-18,26.76552157
2021-02-19,27.25304973
2021-02-20,27.27372152
2021-02-21,27.41013553
2021-02-22,28.19320009
2021-02-23,27.65355237
2021-02-24,27.95103429
2021-02-25,27.46839454
2021-02-26,26.65953138
2021-02-27,26.67934113
2021-02-28,26.79187044
2021-03-01,26.51769597
2021-03-02,26.7321003
2021-03-03,26.03104901
2021-03-04,25.32912067
2021-03-05,25.22656334
2021-03-06,25.24488485
2021-03-07,25.44793454
2021-03-08,25.14806836
2021-03-09,25.92610228
2021-03-10,26.17816085
2021-03-11,26.08793477
2021-03-12,25.91679637
2021-03-13,25.91874499
2021-03-14,25.98305593
2021-03-15,26.23446696
2021-03-16,25.93961472
2021-03-17,26.36074374
2021-03-18,26.04078826
2021-03-19,26.24183453
2021-03-20,26.24025207
2021-03-21,25.87382371
2021-03-22,25.79890963
2021-03-23,25.06558027
2021-03-24,25.08017121
2021-03-25,25.07767694
2021-03-26,25.05424675
2021-03-27,25.05887269
2021-03-28,25.03276789
2021-03-29,24.67015736
2021-03-30,24.01624627
2021-03-31,24.41873242
2021-04-01,24.97292359
2021-04-02,24.90966558
2021-04-03,24.87960758
2021-04-04,25.01807243
2021-04-05,24.84702668
2021-04-06,25.16892183
2021-04-07,25.14501609
2021-04-08,25.41812961
2021-04-09,25.24855703
2021-04-10,25.25283772
2021-04-11,25.25588314
2021-04-12,24.82313368
2021-04-13,25.35171516
2021-04-14,25.41506081
2021-04-15,25.84959203
2021-04-16,25.95333702
2021-04-17,25.95250562
2021-04-18,25.92978034
2021-04-19,25.83264589
2021-04-20,25.80969253
2021-04-21,26.54067258
2021-04-22,26.13878797
2021-04-23,26.00015511
2021-04-24,26.00523563
2021-04-25,25.96502252
2021-04-26,26.21041978
2021-04-27,26.23446124
2021-04-28,26.26537774
2021-04-29,26.09681063
2021-04-30,25.89981155
2021-05-01,25.89971733
2021-05-02,25.86182595
2021-05-03,26.87702989
2021-05-04,26.50102992
2021-05-05,26.46811836
2021-05-06,27.29543294
2021-05-07,27.44529466
2021-05-08,27.45294839
2021-05-09,27.65606421
2021-05-10,27.32012174
2021-05-11,27.59274686
2021-05-12,27.09283321
2021-05-13,27.05360171
2021-05-14,27.41817282
2021-05-15,27.4197595
2021-05-16,27.48718101
2021-05-17,28.22808963
2021-05-18,28.17595447
2021-05-19,27.65066
2021-05-20,27.71829466
2021-05-21,27.54524508
2021-05-22,27.55788499
2021-05-23,27.57062664
2021-05-24,27.72432297
2021-05-25,27.98352296
2021-05-26,27.68541599
2021-05-27,27.87777264
2021-05-28,27.92837744
2021-05-29,27.93006647
2021-05-30,27.94063676
2021-05-31,28.07048492
2021-06-01,27.86549632
2021-06-02,28.16869592
2021-06-03,27.44028702
2021-06-04,27.79312828
2021-06-05,27.79969707
2021-06-06,27.75702169
2021-06-07,27.88873895
2021-06-08,27.63266127
2021-06-09,27.79685788
2021-06-10,27.96623539
2021-06-11,27.91054015
2021-06-12,27.92082158
2021-06-13,27.83397147
2021-06-14,27.85720093
2021-06-15,27.65716255
2021-06-16,27.09309185
2021-06-17,25.98444969
2021-06-18,25.79992476
2021-06-19,25.80489
2021-06-20,25.89682988
2021-06-21,25.94315718
2021-06-22,25.76531399
2021-06-23,25.86489463
2021-06-24,25.93830707
2021-06-25,26.10013557
2021-06-26,26.11322302
2021-06-27,26.13188632
2021-06-28,26.10309267
2021-06-29,25.78013399
2021-06-30,26.09668304
2021-07-01,26.00720415
2021-07-02,26.46439986
2021-07-03,26.46660034
2021-07-04,26.44416546
2021-07-05,26.43973969
2021-07-06,26.11923081
2021-07-07,26.13463211
2021-07-08,25.92127868
2021-07-09,26.10153064
2021-07-10,26.1123093
2021-07-11,26.09735121
2021-07-12,26.23120683
2021-07-13,25.96888715
2021-07-14,26.22572499
2021-07-15,26.3250942
2021-07-16,25.66935598
2021-07-17,25.67403653
2021-07-18,25.69799942
2021-07-19,25.17994476
2021-07-20,24.94706779
2021-07-21,25.2620098
2021-07-22,25.43342309
2021-07-23,25.17020977
2021-07-24,25.17531777
2021-07-25,25.17901017
2021-07-26,25.16858704
2021-07-27,24.71565051
2021-07-28,25.0031487
2021-07-29,25.52848986
2021-07-30,25.48223912
2021-07-31,25.49337325
2021-08-01,25.50747439
2021-08-02,25.4082441
2021-08-03,25.55988649
2021-08-04,25.36676187
2021-08-05,25.13961018
2021-08-06,24.33575203
2021-08-07,24.33737837
2021-08-08,23.58605715
2021-08-09,23.4535395
2021-08-10,23.32554347
2021-08-11,23.53007176
2021-08-12,23.19271896
2021-08-13,23.73961081
2021-08-14,23.73941623
2021-08-15,23.68875066
2021-08-16,23.87223191
2021-08-17,23.65475893
2021-08-18,23.49527803
2021-08-19,23.22474446
2021-08-20,23.01974107
2021-08-21,23.02461469
2021-08-22,22.99926782
2021-08-23,23.62359173
2021-08-24,23.83324017
2021-08-25,23.85988932
2021-08-26,23.57390754
2021-08-27,24.01150842
2021-08-28,24.01977115
2021-08-29,24.08596764
2021-08-30,24.03772967
2021-08-31,23.90403949
2021-09-01,24.16171851
2021-09-02,23.89031897
2021-09-03,24.70422097
2021-09-04,24.7113376
2021-09-05,24.74886706
2021-09-06,24.67891846
2021-09-07,24.31876588
2021-09-08,23.9748749
2021-09-09,24.05488318
2021-09-10,23.7324818
2021-09-11,23.7399798
2021-09-12,23.77953329
2021-09-13,23.73340634
2021-09-14,23.8473619
2021-09-15,23.87200986
2021-09-16,22.93670045
2021-09-17,22.39864565
2021-09-18,22.40171974
2021-09-19,22.37542176
2021-09-20,22.28147573
2021-09-21,22.49441428
2021-09-22,22.6827007
2021-09-23,22.54021108
2021-09-24,22.42350015
2021-09-25,22.42775264
2021-09-26,22.42075301
2021-09-27,22.63869705
2021-09-28,22.47317006
2021-09-29,21.54868443
2021-09-30,22.13237706
2021-10-01,22.52922998
2021-10-02,22.53384781
2021-10-03,22.66424809
2021-10-04,22.62976083
2021-10-05,22.63814077
2021-10-06,22.63889051
2021-10-07,22.58721823
2021-10-08,22.66298768
2021-10-09,22.66448181
2021-10-10,22.60777778
2021-10-11,22.56323259
2021-10-12,22.53744597
2021-10-13,23.06634524
2021-10-14,23.51716742
2021-10-15,23.30461284
2021-10-16,23.31518363
2021-10-17,23.3581198
2021-10-18,23.18447283
2021-10-19,23.64541187
2021-10-20,24.2857093
2021-10-21,24.15157477
2021-10-22,24.32539295
2021-10-23,24.33309673
2021-10-24,24.38841775
2021-10-25,24.55010249
2021-10-26,24.14318853
2021-10-27,24.04057099
2021-10-28,24.08079861
2021-10-29,23.87216339
2021-10-30,23.88326053
2021-10-31,23.78061055
2021-11-01,24.01797753
2021-11-02,23.5242485
2021-11-03,23.62261476
2021-11-04,23.77605599
2021-11-05,24.16424074
2021-11-06,24.16136214
2021-11-07,24.13129742
2021-11-08,24.44405672
2021-11-09,24.29893712
2021-11-10,24.64044235
2021-11-11,25.23973509
2021-11-12,25.30203815
2021-11-13,25.31051573
2021-11-14,25.33695297
2021-11-15,25.1054776
2021-11-16,24.82474399
2021-11-17,25.05837983
2021-11-18,24.81084314
2021-11-19,24.60225033
2021-11-20,24.60928151
2021-11-21,24.60752232
2021-11-22,24.2165508
2021-11-23,23.65625355
2021-11-24,23.55542793
2021-11-25,23.57319587
2021-11-26,23.28906833
2021-11-27,23.1366548
2021-11-28,23.12436464
2021-11-29,23.27286444
2021-11-30,22.94013813
2021-12-01,22.77582407
2021-12-02,22.37259018
2021-12-03,22.37347525
2021-12-04,22.53366039
2021-12-05,22.53298481
2021-12-06,22.56391067
2021-12-07,22.37460504
2021-12-08,22.50664783
2021-12-09,22.42600001
2021-12-10,22.13699999
2021-12-11,22.15400001
2021-12-12,22.17700085
2021-12-13,22.26799998
2021-12-14,22.27300001
2021-12-15,21.96600001
2021-12-16,22.13199999
2021-12-17,22.45799998
2021-12-18,22.36549999
2021-12-19,22.37399998
2021-12-20,22.25180001
2021-12-21,22.49399998
2021-12-22,22.78999998
2021-12-23,22.88999997
2021-12-24,22.88349999
2021-12-25,22.88199998
2021-12-26,22.88199998
2021-12-27,23.02600002
2021-12-28,23.00400003
2021-12-29,22.829
2021-12-30,23.05399999
2021-12-31,23.31249998
2022-01-01,23.29099999
2022-01-02,23.30500002
2022-01-03,22.88399999
2022-01-04,23.02999998
2022-01-05,22.80900002
2022-01-06,22.16599999
2022-01-07,22.345
2022-01-08,22.36749998
2022-01-09,22.36000002
2022-01-10,22.45799998
2022-01-11,22.76
2022-01-12,22.74799998
2022-01-13,23.05000002
2022-01-14,22.96699998
2022-01-15,22.96050001
2022-01-16,22.93999999
2022-01-17,22.9905
2022-01-18,23.477
2022-01-19,24.12149998
2022-01-20,24.35300003
2022-01-21,24.29650001
2022-01-22,24.30350003
2022-01-23,24.269
2022-01-24,23.92650001
2022-01-25,23.87350001
2022-01-26,23.539
2022-01-27,22.77000001
2022-01-28,22.46199998
2022-01-29,22.47399999
2022-01-30,22.42
2022-01-31,22.488
2022-02-01,22.61580001
2022-02-02,22.617
2022-02-03,22.42
2022-02-04,22.52399998
2022-02-05,22.51299998
2022-02-06,22.58150001
2022-02-07,23.00300002
2022-02-08,22.99600001
2022-02-09,23.27699998
2022-02-10,23.18779998
2022-02-11,23.56899998
2022-02-12,23.53400001
2022-02-13,23.61699999
2022-02-14,23.802
2022-02-15,23.37299998
2022-02-16,23.61000003
2022-02-17,23.80399998
2022-02-18,23.89350002
2022-02-19,23.906
2022-02-20,23.975
2022-02-21,24.03049999
2022-02-22,24.13499997
2022-02-23,24.55399998
2022-02-24,24.26600003
2022-02-25,24.26850003
2022-02-26,24.26850003
2022-02-27,24.52200001
2022-02-28,24.43799999
2022-03-01,25.27600002
2022-03-02,25.261
2022-03-03,25.13950003
2022-03-04,25.7045
2022-03-05,25.714
2022-03-06,26.01148251
2022-03-07,25.6348
2022-03-08,26.03199998
2022-03-09,25.67000003
2022-03-10,25.92050001
2022-03-11,25.80800003
2022-03-12,25.85199997
2022-03-13,25.61689997
2022-03-14,25.09200001
2022-03-15,24.91399999
2022-03-16,25.15040002
2022-03-17,25.33500002
2022-03-18,25.38500002
2022-03-19,24.94699997
2022-03-20,24.92399999
2022-03-21,25.20999999
2022-03-22,24.77099997
2022-03-23,25.17
2022-03-24,25.548
2022-03-25,25.52099999
2022-03-26,25.52800003
2022-03-27,25.52800003
2022-03-28,24.89900001
2022-03-29,24.74750002
2022-03-30,24.83799998
2022-03-31,24.779
2022-04-01,24.6
2022-04-02,24.6
2022-04-03,24.58499998
2022-04-04,24.52874998
2022-04-05,24.29999998
2022-04-06,24.292
2022-04-07,24.62300002
2022-04-08,24.779
2022-04-09,24.75599997
2022-04-10,24.817
2022-04-11,25.07699999
2022-04-12,25.38000002
2022-04-13,25.71260003
2022-04-14,25.63999998
2022-04-15,25.65449998
2022-04-16,25.68699997
2022-04-17,25.78344998
2022-04-18,25.82000002
2022-04-19,25.08200002
2022-04-20,25.14384998
2022-04-21,24.65589998
2022-04-22,24.11299998
2022-04-23,24.16400002
2022-04-24,24.11599999
2022-04-25,23.66700001
2022-04-26,23.68600002
2022-04-27,23.31800002
2022-04-28,23.15499999
2022-04-29,22.74
2022-04-30,22.751
2022-05-01,22.77999999
2022-05-02,22.60600001
2022-05-03,22.58000001
2022-05-04,22.95569999
2022-05-05,22.50724998
2022-05-06,22.42929999
2022-05-07,22.32799998
2022-05-08,22.292
2022-05-09,21.79500002
2022-05-10,21.30700002
2022-05-11,21.56210002
2022-05-12,20.78634999
2022-05-13,21.102
2022-05-14,21.08800002
2022-05-15,21.15799998
2022-05-16,21.60300002
2022-05-17,21.62200002
2022-05-18,21.37299998
2022-05-19,21.92300002
2022-05-20,21.75750001
2022-05-21,21.73000001
2022-05-22,21.80500002
2022-05-23,21.73689999
2022-05-24,22.112
2022-05-25,21.97700002
2022-05-26,22.00900001
2022-05-27,22.11549999
2022-05-28,22.12
2022-05-29,22.03424999
2022-05-30,21.92700002
2022-05-31,21.5522
2022-06-01,21.82
2022-06-02,22.36399999
2022-06-03,21.91499998
2022-06-04,21.91499998
2022-06-05,21.92300002
2022-06-06,22.03299998
2022-06-07,22.22899999
2022-06-08,22.064
2022-06-09,21.64570002
2022-06-10,21.88000001
2022-06-11,21.84899998
2022-06-12,21.896
2022-06-13,21.09
2022-06-14,21.06900002
2022-06-15,21.67769998
2022-06-16,21.86145
2022-06-17,21.66950002
2022-06-18,21.66600001
2022-06-19,21.62699999
2022-06-20,21.58364998
2022-06-21,21.6128
2022-06-22,21.37299998
2022-06-23,21.03699998
2022-06-24,21.14750002
2022-06-25,21.14750002
2022-06-26,21.17035
2022-06-27,21.15299998
2022-06-28,20.81270001
2022-06-29,20.72554998
2022-06-30,20.25055001
2022-07-01,19.85300001
2022-07-02,19.84400001
2022-07-03,19.92395
2022-07-04,19.98200001
2022-07-05,19.20959999
2022-07-06,19.19085001
2022-07-07,19.227
2022-07-08,19.31300001
2022-07-09,19.30900002
2022-07-10,19.36264999
2022-07-11,19.09100002
2022-07-12,18.9176
2022-07-13,19.154
2022-07-14,18.43780002
2022-07-15,18.69700001
2022-07-16,18.70749999
2022-07-17,18.74765001
2022-07-18,18.70299999
2022-07-19,18.78020002
2022-07-20,18.69700001
2022-07-21,18.7985
2022-07-22,18.58300001
2022-07-23,18.563
2022-07-24,18.55
2022-07-25,18.40154999
2022-07-26,18.66199999
2022-07-27,19.14400001
2022-07-28,19.93500002
2022-07-29,20.35750001
2022-07-30,20.35499999
2022-07-31,20.21199999
2022-08-01,20.32299998
2022-08-02,19.87899999
2022-08-03,20.00264999
2022-08-04,20.21000001
2022-08-05,19.86899999
2022-08-06,19.88600001
2022-08-07,19.81800001
2022-08-08,20.71269998
2022-08-09,20.50599999
2022-08-10,20.57580002
2022-08-11,20.26870001
2022-08-12,20.81849998
2022-08-13,20.78600002
2022-08-14,20.77000002
2022-08-15,20.22199999
2022-08-16,20.12060002
2022-08-17,19.80350001
2022-08-18,19.49700002
2022-08-19,19.05599999
2022-08-20,19.051
2022-08-21,19.01449999
2022-08-22,18.95899999
2022-08-23,19.10299999
2022-08-24,19.11500001
2022-08-25,19.18599999
2022-08-26,18.88400001
2022-08-27,18.88400001
2022-08-28,18.72999999
2022-08-29,18.76240001
2022-08-30,18.39020001
2022-08-31,17.91
2022-09-01,17.78700001
2022-09-02,18.05000002
2022-09-03,18.05000002
2022-09-04,17.957
2022-09-05,18.186
2022-09-06,17.96
2022-09-07,18.43870002
2022-09-08,18.5649
2022-09-09,18.80999999
2022-09-10,18.80999999
2022-09-11,18.84899999
2022-09-12,19.81900001
2022-09-13,19.34239999
2022-09-14,19.64299999
2022-09-15,18.915
2022-09-16,19.571
2022-09-17,19.55200002
2022-09-18,19.645
2022-09-19,19.522
2022-09-20,19.2536
2022-09-21,19.47999998
2022-09-22,19.63799998
2022-09-23,18.86949999
2022-09-24,18.86949999
2022-09-25,18.78180002
2022-09-26,18.943
2022-09-27,18.33820002
2022-09-28,18.84799999
2022-09-29,18.87450001
2022-09-30,19.02799998
2022-10-01,19.03099998
2022-10-02,19.10100001
2022-10-03,20.83249999
2022-10-04,21.0004
2022-10-05,20.6388
2022-10-06,20.59620001
2022-10-07,20.13200001
2022-10-08,20.12999998
2022-10-09,20.11100001
2022-10-10,19.60079999
2022-10-11,19.12299998
2022-10-12,19.047
2022-10-13,18.88100001
2022-10-14,18.2675
2022-10-15,18.266
2022-10-16,18.36100001
2022-10-17,18.652
2022-10-18,18.75399999
2022-10-19,18.4
2022-10-20,18.60450001
2022-10-21,19.4045
2022-10-22,19.39999998
2022-10-23,19.42150001
2022-10-24,19.31810001
2022-10-25,19.30669999
2022-10-26,19.56249999
2022-10-27,19.55000002
2022-10-28,19.2595
2022-10-29,19.2555
2022-10-30,19.223
2022-10-31,19.15694999
2022-11-01,19.635
2022-11-02,19.11800002
2022-11-03,19.45019999
2022-11-04,20.842
2022-11-05,20.86150001
2022-11-06,20.52799999
2022-11-07,20.76199999
2022-11-08,21.36299999
2022-11-09,21.32399999
2022-11-10,21.65399999
2022-11-11,21.69299999
2022-11-12,21.67100001
2022-11-13,21.59695001
2022-11-14,21.944
2022-11-15,21.57000002
2022-11-16,21.43700001
2022-11-17,20.95499998
2022-11-18,20.94900001
2022-11-19,20.94550002
2022-11-20,20.93300001
2022-11-21,20.75725001
2022-11-22,21.14124817
2022-11-23,21.24899926
2022-11-24,21.49384875
2022-11-25,21.47168003
2022-11-26,21.46945379
2022-11-27,21.41767621
2022-11-28,20.92199998
2022-11-29,21.20599998
2022-11-30,21.30700002
2022-12-01,22.29100001
2022-12-02,23.14750002
2022-12-03,23.14300001
2022-12-04,23.24182119
2022-12-05,22.25415
2022-12-06,22.3907
2022-12-07,22.71620003
2022-12-08,23.08483132
2022-12-09,23.57701893
2022-12-10,23.43249332
2022-12-11,23.456
2022-12-12,23.33300001
2022-12-13,23.68000002
2022-12-14,23.87099999
2022-12-15,23.05399999
2022-12-16,23.23249998
2022-12-17,23.22449998
2022-12-18,23.14999999
2022-12-19,22.9775
2022-12-20,24.13344999
2022-12-21,23.945
2022-12-22,23.57670002
2022-12-23,23.70299999
2022-12-24,23.74249998
2022-12-25,23.58400001
2022-12-26,23.84804999
2022-12-27,23.93800002
2022-12-28,23.546
2022-12-29,23.85999998
2022-12-30,23.93199998
2022-12-31,23.96900001
2023-01-01,23.96900001
2023-01-02,24.094
2023-01-03,23.96000003
2023-01-04,23.78999998
2023-01-05,23.2084
2023-01-06,23.78999998
2023-01-07,23.78999998
2023-01-08,23.98900003
2023-01-09,23.63
2023-01-10,23.60600002
2023-01-11,23.42820001
2023-01-12,23.80600001
2023-01-13,24.2562
2023-01-14,24.2695
2023-01-15,24.26850003
2023-01-16,24.28599998
2023-01-17,23.93000002
2023-01-18,23.48699999
2023-01-19,23.84999999
2023-01-20,23.91899999
2023-01-21,23.9287
2023-01-22,23.9385
2023-01-23,23.37999998
2023-01-24,23.63585
2023-01-25,23.96700001
2023-01-26,23.91600001
2023-01-27,23.59700001
2023-01-28,23.59300001
2023-01-29,23.621
2023-01-30,23.56870001
2023-01-31,23.59999998
2023-02-01,24.03599999
2023-02-02,23.45700001
2023-02-03,22.35249999
2023-02-04,22.35150002
2023-02-05,22.26969999
2023-02-06,22.283
2023-02-07,22.21800001
2023-02-08,22.28000001
2023-02-09,21.91999998
2023-02-10,21.96900001
2023-02-11,21.99899998
2023-02-12,21.92800002
2023-02-13,21.99979999
2023-02-14,21.739
2023-02-15,21.5389
2023-02-16,21.51000002
2023-02-17,21.71400002
2023-02-18,21.68899999
2023-02-19,21.729
2023-02-20,21.80100001
2023-02-21,21.851
2023-02-22,21.48999999
2023-02-23,21.32419998
2023-02-24,20.765
2023-02-25,20.754
2023-02-26,20.76900001
2023-02-27,20.62079999
2023-02-28,20.881
2023-03-01,20.95999998
2023-03-02,20.909
2023-03-03,21.27700001
2023-03-04,21.22499998
2023-03-05,21.1727
2023-03-06,21.035
2023-03-07,20.08199999
2023-03-08,20.04
2023-03-09,20.06999999
2023-03-10,20.52200001
2023-03-11,20.53750002
2023-03-12,20.6388
2023-03-13,21.77965001
2023-03-14,21.67819999
2023-03-15,21.79800001
2023-03-16,21.67700001
2023-03-17,22.59740299
2023-03-18,22.59740299
2023-03-19,22.38044486
2023-03-20,22.51369771
2023-03-21,22.43359852
2023-03-22,22.97977665
2023-03-23,23.04876725
2023-03-24,23.22450106
2023-03-25,23.23015177
2023-03-26,23.20272036
2023-03-27,23.12032252
2023-03-28,23.32996891
2023-03-29,23.30886955
2023-03-30,23.8788734
2023-03-31,24.09754675
2023-04-01,24.09754675
2023-04-02,24.10704893
2023-04-03,23.9502013
2023-04-04,24.98435274
2023-04-05,24.93597781
2023-04-06,24.97787279
2023-04-07,24.97837322
2023-04-08,24.97396876
2023-04-09,24.92331967
2023-04-10,24.88373913
2023-04-11,25.06313146
2023-04-12,25.61837657
2023-04-13,25.60780182
2023-04-14,26.05962154
2023-04-15,25.35234987
2023-04-16,25.37489273
2023-04-17,25.39362925
2023-04-18,25.09649609
2023-04-19,25.13336625
2023-04-20,25.401
2023-04-21,25.17446756
2023-04-22,25.06410791
2023-04-23,25.07411281
2023-04-24,25.04000002
2023-04-25,24.89708448
2023-04-26,24.98137532
2023-04-27,25.08350002
2023-04-28,24.85047673
2023-04-29,25.04835893
2023-04-30,25.0501088
2023-05-01,25.20348862
2023-05-02,24.75330068
2023-05-03,25.27257042
2023-05-04,25.62699998
2023-05-05,25.9870261
2023-05-06,25.78400715
2023-05-07,25.67024331
2023-05-08,25.61764199
2023-05-09,25.56172609
2023-05-10,25.55300001
2023-05-11,24.89063199
2023-05-12,23.85924961
2023-05-13,23.9650004
2023-05-14,23.9589999
2023-05-15,23.96381454
2023-05-16,24.03708906
2023-05-17,23.64027207
2023-05-18,23.7371227
2023-05-19,23.6683398
2023-05-20,23.83619765
2023-05-21,23.83909848
2023-05-22,23.85260844
2023-05-23,23.55162094
2023-05-24,23.39866295
2023-05-25,23.03086973
2023-05-26,23.14944955
2023-05-27,23.30752506
2023-05-28,23.30785008
2023-05-29,23.19469469
2023-05-30,23.01741965
2023-05-31,23.25478209
2023-06-01,23.49413629
2023-06-02,23.89710716
2023-06-03,23.61584409
2023-06-04,23.61584409
2023-06-05,23.47079117
2023-06-06,23.63528371
2023-06-07,23.56438547
2023-06-08,23.47960081
2023-06-09,24.31453224
2023-06-10,24.2746353
2023-06-11,24.28763546
2023-06-12,24.21971337
2023-06-13,24.18753952
2023-06-14,23.68577819
2023-06-15,23.40855795
2023-06-16,24.02679145
2023-06-17,24.16901226
2023-06-18,24.19504249
2023-06-19,24.04982514
2023-06-20,23.78584404
2023-06-21,23.09767769
2023-06-22,22.56037192
2023-06-23,22.32269967
2023-06-24,22.42046442
2023-06-25,22.42021479
2023-06-26,22.78717425
2023-06-27,22.9024409
2023-06-28,22.90026985
2023-06-29,22.69501769
2023-06-30,22.46561848
2023-07-01,22.76089678
2023-07-02,22.75829031
2023-07-03,22.79274884
2023-07-04,23.02188377
2023-07-05,22.92315699
2023-07-06,23.1755679
2023-07-07,22.70513414
2023-07-08,23.61995109
2023-07-09,23.03865194
2023-07-10,23.03828964
2023-07-11,23.14757407
2023-07-12,23.15972125
2023-07-13,24.27334012
2023-07-14,24.80209835
2023-07-15,24.93493018
2023-07-16,24.93068422
2023-07-17,24.80694688
2023-07-18,24.90151699
2023-07-19,25.01838726
2023-07-20,25.21132517
2023-07-21,24.86249202
2023-07-22,24.60286728
2023-07-23,24.46075501
2023-07-24,24.68098628
2023-07-25,24.47481765
2023-07-26,24.60232628
2023-07-27,25.02724635
2023-07-28,24.14358858
2023-07-29,24.34074883
2023-07-30,24.25744604
2023-07-31,24.33341831
2023-08-01,24.64421607
2023-08-02,24.38820624
2023-08-03,23.80345756
2023-08-04,23.5837495
2023-08-05,23.6305092
2023-08-06,23.61450711
2023-08-07,23.5699993
2023-08-08,23.0239838
2023-08-09,22.89595902
2023-08-10,22.70250316
2023-08-11,22.74965011
2023-08-12,22.69056301
2023-08-13,22.69024869
2023-08-14,22.58949304
2023-08-15,22.60399915
2023-08-16,22.68129712
2023-08-17,22.43424941
2023-08-18,22.853232
2023-08-19,22.74415675
2023-08-20,22.74842975
2023-08-21,22.72446409
2023-08-22,23.28161095
2023-08-23,23.49967572
2023-08-24,24.2464943
2023-08-25,24.13617003
2023-08-26,24.21024328
2023-08-27,24.21538285
2023-08-28,24.17247046
2023-08-29,24.23248804
2023-08-30,24.66874172
2023-08-31,24.64224779
2023-09-01,24.52274388
2023-09-02,24.18502851
2023-09-03,24.18973975
2023-09-04,24.20457533
2023-09-05,23.87532905
2023-09-06,23.4864156
2023-09-07,23.15742929
2023-09-08,23.1073291
2023-09-09,22.92049684
2023-09-10,22.92048733
2023-09-11,22.97799931
2023-09-12,23.07849085
2023-09-13,22.84277514
2023-09-14,22.88727554
2023-09-15,23.02832723
2023-09-16,23.03022731
2023-09-17,23.05449402
2023-09-18,23.13801627
2023-09-19,23.24564566
2023-09-20,23.13480006
2023-09-21,23.04787931
2023-09-22,23.42998297
2023-09-23,23.55912037
2023-09-24,23.55506356
2023-09-25,23.54748554
2023-09-26,23.08834996
2023-09-27,22.73945058
2023-09-28,22.57213012
2023-09-29,22.60524586
2023-09-30,22.18629969
2023-10-01,22.18449807
2023-10-02,22.03446124
2023-10-03,20.870853
2023-10-04,21.17023285
2023-10-05,21.11941325
2023-10-06,20.95857005
2023-10-07,21.59335384
2023-10-08,21.59361389
2023-10-09,21.84619947
2023-10-10,21.89509721
2023-10-11,21.8319912
2023-10-12,22.04987054
2023-10-13,21.90062949
2023-10-14,22.71155267
2023-10-15,22.71144306
2023-10-16,22.60900001
2023-10-17,22.53799414
2023-10-18,22.87732646
2023-10-19,22.87449778
2023-10-20,22.99299609
2023-10-21,23.36724659
2023-10-22,23.34813585
2023-10-23,23.11215455
2023-10-24,23.10649911
2023-10-25,23.00899936
2023-10-26,22.8676967
2023-10-27,22.8099069
2023-10-28,23.09624634
2023-10-29,23.11088666
2023-10-30,23.10249937
2023-10-31,23.24065456
2023-11-01,22.71451956
2023-11-02,22.96370732
2023-11-03,22.68127922
2023-11-04,23.21091999
2023-11-05,23.39827807
2023-11-06,23.20158505
2023-11-07,22.92749521
2023-11-08,22.56436656
2023-11-09,22.54894532
2023-11-10,22.70815834
2023-11-11,22.26105336
2023-11-12,22.26131725
2023-11-13,22.10829572
2023-11-14,22.32729562
2023-11-15,23.08428073
2023-11-16,23.29058637
2023-11-17,23.82074349
2023-11-18,23.81244764
2023-11-19,23.81244764
2023-11-20,23.6467401
2023-11-21,23.75981155
2023-11-22,23.77566528
2023-11-23,23.68349772
2023-11-24,23.69049958
2023-11-25,24.33146111
2023-11-26,24.28552867
2023-11-27,24.59304541
2023-11-28,24.61786507
2023-11-29,25.14208913
2023-11-30,24.97514081
2023-12-01,25.31758339
2023-12-02,25.48329937
2023-12-03,25.48479957
2023-12-04,25.44049997
2023-12-05,24.537974
2023-12-06,24.22962137
2023-12-07,23.81976586
2023-12-08,23.83761621
2023-12-09,23.00430928
2023-12-10,22.99970824
2023-12-11,23.04122598
2023-12-12,22.8413449
2023-12-13,22.74559679
2023-12-14,23.87862924
2023-12-15,24.05622868
2023-12-16,23.87134531
2023-12-17,23.86954195
2023-12-18,23.86215645
2023-12-19,23.84253141
2023-12-20,24.06406547
2023-12-21,24.23922484
2023-12-22,24.43216586
2023-12-23,24.18011622
2023-12-24,24.19477052
2023-12-25,24.19331363
2023-12-26,24.31896904
2023-12-27,24.28249725
2023-12-28,24.3624971
2023-12-29,23.89486169
2023-12-30,23.79264276
2023-12-31,23.78121737
2024-01-01,23.79044127
2024-01-02,23.793995
2024-01-03,23.67249232
2024-01-04,22.99635961
2024-01-05,23.14824514
2024-01-06,23.19008005
2024-01-07,23.19091956
2024-01-08,23.11949945
2024-01-09,23.15011752
2024-01-10,23.01487052
2024-01-11,22.98514727
2024-01-12,22.88662009
2024-01-13,23.19298136
2024-01-14,23.19475581
2024-01-15,23.24449637
2024-01-16,23.17949557
2024-01-17,22.93147953
2024-01-18,22.59987073
2024-01-19,22.73547269
2024-01-20,22.61423685
2024-01-21,22.61519214
2024-01-22,22.57836722
2024-01-23,22.15946681
2024-01-24,22.40135476
2024-01-25,22.73574722
2024-01-26,22.89581103
2024-01-27,22.79929066
2024-01-28,22.79624214
2024-01-29,22.86148879
2024-01-30,23.14824653
2024-01-31,23.06936786
2024-02-01,22.9563877
2024-02-02,22.68442746
2024-02-03,22.68466443
2024-02-04,22.67887436
2024-02-05,22.32764283
2024-02-06,22.41677949
2024-02-07,22.18559966
2024-02-08,22.57798392
2024-02-09,22.61298787
2024-02-10,22.61179542
2024-02-11,22.60822419
2024-02-12,22.68039354
2024-02-13,22.71735196
2024-02-14,22.06542317
2024-02-15,22.38685085
2024-02-16,22.95902277
2024-02-17,23.4166254
2024-02-18,23.41802626
2024-02-19,23.08138833
2024-02-20,22.98062735
2024-02-21,23.05342132
2024-02-22,22.88090977
2024-02-23,22.8300062
2024-02-24,22.94640995
2024-02-25,22.94715097
2024-02-26,22.80071825
2024-02-27,22.55805354
2024-02-28,22.48693816
2024-02-29,22.5078085
2024-03-01,22.67652863
2024-03-02,23.1397037097
2024-03-03,23.1382886127
2024-03-04,23.0814557777
2024-03-05,23.6849732199
2024-03-06,23.6058952541
2024-03-07,24.0513660214
2024-03-08,24.2853624116
2024-03-09,24.3090393785
2024-03-10,24.3059658116
2024-03-11,24.3264123458
2024-03-12,24.4623600736
2024-03-13,24.1251375905
2024-03-14,25.092590278
2024-03-15,24.9143234411
2024-03-16,25.184054451
2024-03-17,25.1835168835
2024-03-18,25.0552428015
2024-03-19,25.1022826394
2024-03-20,24.9440605123
2024-03-21,25.7224344419
2024-03-22,24.5727371104
2024-03-23,24.6818638563
2024-03-24,24.6828741247
2024-03-25,24.8364818194
2024-03-26,24.6557958441
2024-03-27,24.4100259661
2024-03-28,24.5610053102
2024-03-29,24.975256701
2024-03-30,24.9788119725
2024-03-31,24.9671808281
2024-04-01,25.0825298003
2024-04-02,25.195153153
2024-04-03,26.2551059092
2024-04-04,27.1731626064
2024-04-05,26.4758423506
2024-04-06,27.4670087166
2024-04-07,27.4761975075
2024-04-08,27.7557273173
2024-04-09,27.801303627
2024-04-10,28.0765029563
2024-04-11,27.9506525639
2024-04-12,28.7972408189
2024-04-13,27.9036863415
2024-04-14,27.908894228
2024-04-15,28.1987054149
2024-04-16,28.5240201016
2024-04-17,28.1787358277
2024-04-18,28.2927683268
2024-04-19,28.73124522
2024-04-20,28.6835456674
2024-04-21,28.68243451
2024-04-22,28.3548567679
2024-04-23,27.0002494931
2024-04-24,27.215052589
2024-04-25,27.2475516992
2024-04-26,27.4203587334
2024-04-27,27.2069562615
2024-04-28,27.2040462558
2024-04-29,27.2438590605
2024-04-30,27.05291579
2024-05-01,26.3759863462
2024-05-02,26.7585924215
2024-05-03,26.6406747456
2024-05-04,26.5602922712
2024-05-05,26.5603864489
2024-05-06,26.9548655736
2024-05-07,27.3181060243
2024-05-08,27.1279747669
2024-05-09,27.3536735067
2024-05-10,28.3998678906
2024-05-11,28.1727576488
2024-05-12,28.1743168084
2024-05-13,28.1243436745
2024-05-14,28.3221420136
2024-05-15,28.5614862365
2024-05-16,29.5705386689
2024-05-17,29.5524175249
2024-05-18,31.4624839501
2024-05-19,31.4629343555
2024-05-20,32.1618003054
2024-05-21,31.5445383536
2024-05-22,32.1585753242
2024-05-23,30.4535719992
2024-05-24,30.374488035
2024-05-25,30.356556916
2024-05-26,30.3563069095
2024-05-27,30.6004293852
2024-05-28,31.7905437553
2024-05-29,31.9921300384
2024-05-30,31.8258598937
2024-05-31,31.1378944333
2024-06-01,30.4081886381
